
### 							 PRACTISE QUESTIONS OF SEQUEL OR SQL ------------ ><><><
##   Q NO 1 . GET ALL STUDENT DETAILS  -----  WE WILL USE STUDENT TABLE FOR ALL THESE QUESTIONS 
SELECT * FROM STUDENT ;

## 	 Q.NO 2 . SHOW ONLY NAME AND MARKS ------
SELECT 
     (name) , (marks)
FROM 
    STUDENT ;
    
## 	   Q.NO 3 . FIND STUDENT WITH MARKS > 80  -----------
SELECT 
    *
FROM STUDENT
WHERE 
    MARKS > 80 ;
 
    
 ##    Q.NO 4 . STUDENT WHOSE CITY IS DELHI ---------
 SELECT * 
 FROM STUDENT
 WHERE city = 'delhi';
 
 ### 	Q.NO. 5 . SORT STUDENT BY MARKS (DESCENDING)--------
SELECT 
    * 
FROM 
    STUDENT
ORDER BY MARKS DESC 
LIMIT 3 ;

## 		Q.NO. 6. DISPLAY TOP 3 HIGHEST MARKS -------------
SELECT * 
FROM STUDENT
ORDER BY MARKS DESC
LIMIT 3 ;
## OR 
SELECT 
    SUBQUERY. *
FROM
(
SELECT
   * ,
   DENSE_RANK() OVER(ORDER BY MARKS DESC) AS HIGHEST
FROM 
    STUDENT
) SUBQUERY
LIMIT 3 ;

## 		NO. 7. COUNT TOTAL NO STUDENTS -----
SELECT
        COUNT(ROLL_NO) AS TOTAL_STUDENTS
FROM STUDENT ;

## 			Q.NO.8. FIND AVERAGE MARKS --------  BY WINDOW FUNCTION
 SELECT *,
       AVG(MARKS) OVER(ORDER BY MARKS ASC) AS AVERAGE_MARKS
FROM 
   STUDENT ;
   
## NOW BY SIMPLE FUNCTIONS
SELECT AVG(MARKS)
FROM STUDENT ;   

### 	Q.NO. 9. FIND HIGHEST AND LOWEST MARKS ---------
SELECT MAX(MARKS),NAME
FROM STUDENT 
GROUP BY  NAME ;
## 	 	OR BY WINDOW FUNCTION
SELECT *,
      MAX(MARKS) OVER(ORDER BY MARKS DESC) AS MAXIMUM
FROM STUDENT ;

SELECT MIN(MARKS)
FROM STUDENT ; 
## OR BY WINDOW FUNCTIONS 
SELECT 
    *,
    MIN(MARKS) OVER(ORDER BY MARKS ASC ) AS MINIMUM 
FROM 
    STUDENT ;

### 		Q.NO 10. GET STUDENT WHOSE NAME START WITH "A" ---------
SELECT *
FROM STUDENT
WHERE NAME LIKE "A%" ;
## OR BY STRINGS FUNCTIONS 
SELECT 
    *,
    LEFT(NAME,1) LIKE "A%"
FROM STUDENT ;
### 					 LEVEL --- 2 FILTERING AND GROUPING -----
## 				Q.NO 1. TOTAL SALES ---
CREATE TABLE CUSTOMERS_NEW (
	   CUSTOMER_ID INT PRIMARY KEY,
       NAME VARCHAR(30),
       AMOUNT INT,
       CITY CHAR(20),
       ORDER_ID INT UNIQUE KEY
) ;
SELECT * FROM CUSTOMERS_NEW ;
INSERT  INTO CUSTOMERS_NEW
VALUES
(1,"LUCKY",6000,"PATNA",101),
(2,"BHOLU",4400,"GAYA",102),
(3,"GOLU",3000,"IMAMGANJ",103),
(4,"RAUNAK",5500,"RANIGANJ",104),
(5,"ROMIBABU",5400,"DWARKA",105),
(6,"SHUBHAM",2000,"CHATARPUR",106),
(7,"GAURAMBABU",6500,"UTTAMNAGAR0",107),
(8,"NITISHBABU",3200,"PALAM",108) ;

ALTER TABLE CUSTOMERS_NEW
ADD COLUMN ORDER_DATE DATE ;

UPDATE CUSTOMERS_NEW
SET ORDER_DATE = '2024-01-10'
WHERE CUSTOMER_ID = 1 ;
UPDATE CUSTOMERS_NEW
SET ORDER_DATE = '2024-01-12'
WHERE CUSTOMER_ID = 2 ;
UPDATE CUSTOMERS_NEW
SET ORDER_DATE = '2024-02-10'
WHERE CUSTOMER_ID = 3 ;
UPDATE CUSTOMERS_NEW
SET ORDER_DATE = '2024-02-5'
WHERE CUSTOMER_ID = 4 ;
UPDATE CUSTOMERS_NEW
SET ORDER_DATE = '2024-02-10'
WHERE CUSTOMER_ID = 5 ;
UPDATE CUSTOMERS_NEW
SET ORDER_DATE = '2024-03-01'
WHERE CUSTOMER_ID = 6 ;
UPDATE CUSTOMERS_NEW
SET ORDER_DATE = '2024-03-15'
WHERE CUSTOMER_ID = 7 ;
UPDATE CUSTOMERS_NEW
SET ORDER_DATE = '2024-06-17'
WHERE CUSTOMER_ID = 8 ;

## 				Q.NO 1. TOTAL SALES ---
SELECT COUNT(ORDER_ID)
FROM CUSTOMERS_NEW ;
# 	OR
SELECT SUM(AMOUNT)
FROM CUSTOMERS_NEW  ;

###				Q.NO. 2. TOTAL SALE PER CUSTOMERS
SELECT NAME ,COUNT(ORDER_ID)
FROM CUSTOMERS_NEW
GROUP BY NAME ;
## 	OR   THIS IS CORRECT
SELECT NAME , SUM(AMOUNT) AS TOTAL_SALES
FROM CUSTOMERS_NEW
GROUP BY NAME ;

### 				Q.NO. 3. CUSTOMER WHO PLACED MORE THAN 3 ORDERS 

SELECT NAME , COUNT(ORDER_ID)
FROM CUSTOMERS_NEW
GROUP BY NAME
HAVING COUNT(ORDER_ID) > 3 ;

###  				Q.NO. 4. HIGHEST ORDER AMOUNT PER CUSTOMERS ---------
SELECT NAME ,MAX(AMOUNT) AS HIGHEST_ORDER
FROM CUSTOMERS_NEW
GROUP BY NAME 
ORDER BY HIGHEST_ORDER DESC ;
### 	OR --- BY WINDOW FUNCTION
SELECT 
     *,
     MAX(AMOUNT) OVER(PARTITION BY NAME ) AS HIGHEST_ORDER
FROM 
    CUSTOMERS_NEW ;

##3 				Q.NO 5 . CUTOMERS WHOSE TOTAL PURCHASE > 5000
SELECT NAME , SUM(AMOUNT)
FROM CUSTOMERS_NEW
GROUP BY NAME 
HAVING SUM(AMOUNT) > 5000 ;

## OR
SELECT * ,
      SUM(AMOUNT) OVER(ORDER BY NAME ASC) AS MAX
FROM CUSTOMERS_NEW 
WHERE AMOUNT > 5000 ;

## 		OR
SELECT * FROM CUSTOMERS_NEW
WHERE AMOUNT > 5000 
ORDER BY AMOUNT ASC ;

### 				Q.NO. 6 .  NUMBERS OF ORDER PER DAY -------- .alter
SELECT ORDER_DATE , COUNT(ORDER_ID)
FROM CUSTOMERS_NEW
GROUP BY ORDER_DATE ;

## 		OR 
SELECT *,
    COUNT(ORDER_ID) OVER(ORDER BY ORDER_DATE ASC) AS ORDER_PERDAY
FROM 
    CUSTOMERS_NEW ;

##3 			    Q .NO. 7 -- DAYS WITH HIGHEST SALES ---------
SELECT ORDER_DATE , SUM(AMOUNT) AS HIGHEST_SALES
FROM CUSTOMERS_NEW
GROUP BY ORDER_DATE 
ORDER BY HIGHEST_SALES DESC ;

### 					LEVEL ---- 3 . JOINS -------
## 			Q.NO. 1. SHOW CUSTOMERS NAME WITH THEIR ORDER AMOUNT --------
CREATE TABLE CUSTOMERS(
	    CUSTOMER_ID INT PRIMARY KEY,
		NAME VARCHAR(30),
        CITY VARCHAR(50)
) ;
INSERT INTO CUSTOMERS 
VALUES
(1,"ADAM","DELHI"),
(2,"LUCKY","PATNA"),
(3,"BHOLU","GAYA"),
(4,"GOLU","TUTURKHI"),
(5,"ROMIBABU","DWARKA") ;

CREATE TABLE ORDERS (
       ORDER_ID INT PRIMARY KEY,
       CUSTOMER_ID INT,
       AMOUNT INT,
       ORDER_DATE DATE
);

INSERT INTO ORDERS 
VALUES
(101,1,500,"2024-01-10"),
(102,2,3000,"2024-01-12"),
(103,3,6600,"2024-02-01"),
(104,4,7600,"2024-02-05"),
(105,5,5400,"2024-02-10"),
(106,6,8000,"2024-03-01"),
(107,7,8900,"2024-03-15") ;

###     		Q.NO. 1. SHOW CUSTOMERS NAME WITH THEIR ORDER AMOUNT --------

SELECT NAME,AMOUNT
FROM customers AS C
INNER JOIN ORDERS AS O
ON C.CUSTOMER_ID = O.CUSTOMER_ID ;

### 			Q.NO 2. CUSTOMERS WHO NEVER PLACED AN ORDERS --------------
SELECT * 
FROM CUSTOMERS AS C
RIGHT JOIN ORDERS AS O
ON C.CUSTOMER_ID = O.CUSTOMER_ID
WHERE C.CUSTOMER_ID IS NULL ;

## 				Q.NO 3. ORDER GREATER THAN 1000 WITH CUSTOMERS NAME -----------

SELECT C.NAME, O.AMOUNT
FROM CUSTOMERS AS C
LEFT JOIN ORDERS AS O
ON C.CUSTOMER_ID = O.CUSTOMER_ID
WHERE  AMOUNT > 1000 ;

## 					 Q.NO 4 . COUNT TOTAL ORDER PER CUSTOMER ....

SELECT C.CUSTOMER_ID,C.NAME,
COUNT(ORDER_ID) AS TOTAL_ORDERS
FROM customers AS C
LEFT JOIN ORDERS AS O
ON C.CUSTOMER_ID = O.CUSTOMER_ID
GROUP BY C.CUSTOMER_ID,C.NAME ;

### 				 Q.NO 5 . CUSTOMER WHO SPENT THE MOST -----------

SELECT C.CUSTOMER_ID,NAME,
SUM(O.AMOUNT) AS HIGHSEST_AMOUNT
FROM CUSTOMERS_NEW AS C
JOIN ORDERS  AS O
ON C.CUSTOMER_ID = O.CUSTOMER_ID
GROUP BY C.CUSTOMER_ID,NAME
ORDER BY HIGHSEST_AMOUNT DESC
LIMIT 1;

### 								LEVEL - 4 ----  SUBQUEIRIES ----
##3 			Q.NO .1   STUDENT WHO SCORED ABOVE AVERAGE
SELECT * FROM STUDENT ;

SELECT AVG(MARKS) 
FROM STUDENT ;
# NOW
SELECT *
FROM STUDENT
WHERE MARKS > (SELECT AVG(MARKS) FROM STUDENT );

## 					 Q.NO. 2. 2ND HIGHEST MARKS ----------
SELECT * ,
    DENSE_RANK() OVER(ORDER BY MARKS DESC) AS HIGHEST_MARKS
FROM STUDENT ;
## 	OR
SELECT 
     SUBQUERY.*
FROM
(
SELECT 
    *,
    DENSE_RANK() OVER(ORDER BY MARKS DESC) AS HIGHEST_MARKS
FROM 
    STUDENT
) SUBQUERY
WHERE HIGHEST_MARKS = 2 ;

## OR 
SELECT *
FROM STUDENT
ORDER BY MARKS DESC
LIMIT 2 ;   
   

## 						 Q.NO 3. CUSTOMERS WHO MADE THE HIGHEST ORDER ----- 
SELECT MAX(AMOUNT)
FROM CUSTOMERS_NEW ;
# NOW
SELECT *
FROM CUSTOMERS_NEW
WHERE AMOUNT = (SELECT MAX(AMOUNT)FROM CUSTOMERS_NEW) ;
## 	OR 
SELECT *
FROM CUSTOMERS_NEW
ORDER BY AMOUNT DESC 
LIMIT 1 ;

## 						 Q.NO 4 . FIND DUPLICATE RECORD ---------
SELECT * FROM DUPLICATED ;
SELECT *,
	ROW_NUMBER() OVER(PARTITION BY NAME ORDER BY ID DESC) AS DEDUB
FROM 
    DUPLICATED ;
## NOW 
SELECT 
    SUBQUERY.*
FROM
(
SELECT 
    *,
    ROW_NUMBER() OVER(PARTITION BY NAME ORDER BY ID DESC ) AS DEDUB
FROM 
    DUPLICATED
) SUBQUERY
WHERE DEDUB > 1 ;

## OR			BY GROUP BY 
SELECT NAME ,COUNT(*)
FROM DUPLICATED
GROUP BY NAME 
HAVING COUNT(*) > 1 ;

## OR  TO GET THE FULL  DUPLICATE COLUMN
SELECT *
FROM DUPLICATED 
WHERE NAME IN (
			 SELECT NAME 
             FROM DUPLICATED
             GROUP BY NAME 
             HAVING COUNT(*) > 1
) ;

### 						LEVEL -- 5 --   WINDOW FUNCTIONS --------
### 				
CREATE TABLE EMPLOYEE_NEW (
		EMP_ID INT PRIMARY KEY,
        NAME VARCHAR(20),
        DEPARTMENT VARCHAR(20),
        SALARY INT NOT NULL 
);
INSERT INTO EMPLOYEE_NEW
VALUES
(1,"LUCKY","IT",65000),
(2,"GOLU","HR",56000),
(3,"BHOLU","IT",44000),
(4,"ROMIBABU","TECH",64000),
(5,"RAUNAK","FINANCE",43000),
(6,"GAURAMBABU","TECH",78000),
(7,"SHUBHAMBABU","IT",23000),
(8,"POOJA","FINANCE",67000) ;

 ####    			Q.NO 1. RANK EMPLOYEE BASED ON SALARY
SELECT * FROM EMPLOYEE_NEW ;
SELECT *,
     RANK() OVER( ORDER BY SALARY DESC) AS RANKED 
FROM EMPLOYEE_NEW ;

### 				 Q.NO 2 . HIGHEST SALARY IN EACH DEPARTMENT ---------><><<>
SELECT 
     SUBQUERY.*
FROM
(
SELECT 
     *,
     DENSE_RANK() OVER(PARTITION BY DEPARTMENT ORDER BY SALARY DESC ) AS HIGHEST
FROM 
   EMPLOYEE_NEW 
) SUBQUERY 
WHERE HIGHEST = 1 ;
## OR 
SELECT DEPARTMENT, NAME, MAX(SALARY) AS MAXIMUM
FROM EMPLOYEE_NEW
GROUP BY DEPARTMENT,NAME
ORDER BY MAXIMUM DESC 
LIMIT 1 ;

### 				 Q.NO 3. ---- TOP 3 SALARIES PER DEPARTMENT ----
SELECT 
     SUBQUERY.*
FROM
(
SELECT 
    *,
    DENSE_RANK() OVER(PARTITION BY DEPARTMENT ORDER BY SALARY DESC) AS HIGHEST
FROM EMPLOYEE_NEW
)SUBQUERY
WHERE HIGHEST <= 3 ;

## 						 Q.NO 4 . RUNNING TOTAL OF THE SALARY ---------><><><>, 

 SELECT *,
      SUM(SALARY) OVER(ORDER BY SALARY ASC) AS TOTAL
FROM 
   EMPLOYEE_NEW ;
## OR 
SELECT SUM(SALARY)
FROM EMPLOYEE_NEW ;

##3 					 Q.NO 5.  COMAPRE SALARY WITH PREVIOUS EMPLOYEEE ----------

SELECT 
    *,
    LAG(SALARY,1) OVER(ORDER BY EMP_ID ASC) AS PREV_SALARY,
    LEAD(SALARY,1) OVER(ORDER BY EMP_ID ASC ) AS NEXT_SALARY
FROM
   EMPLOYEE_NEW ;
   
   
###3		 	 	 		 	 	 ----- REAL INTERVIEW LEVEL QUESTIONS 

 #### 		Q.NO 1. 3RD HIGHEST SALARY
SELECT 
     SUBQUERY. *
FROM
( 
SELECT
     *,
     DENSE_RANK() OVER(ORDER BY SALARY DESC) AS HIGHEST
FROM 
  EMPLOYEE_NEW  
) SUBQUERY
WHERE HIGHEST = 3 ;

## OR 
SELECT *
FROM EMPLOYEE_NEW
ORDER BY SALARY DESC
LIMIT 3 ;

### 							 Q.NO 2 . DELETE DUPLICATED ROWS -----
### 				1st STEP FIND DUPLICATED VALUE
SELECT * FROM DUPLICATED ;
SELECT 
     SUBQUERY. *
FROM
(
SELECT 
     *,
     ROW_NUMBER() OVER(PARTITION BY NAME ORDER BY ID DESC) AS DEDUP
FROM 
   DUPLICATED
) SUBQUERY
WHERE DEDUP > 1 ;
## NOW DELETING IT
SELECT 
   SUBQUERY.*
FROM
(  SELECT 
      *,
      ROW_NUMBER() OVER(PARTITION BY NAME ORDER BY MARKS) AS DEDUP
	FROM
      DUPLICATED
) SUBQUERY
WHERE DEDUP = 1 ;

### 					 Q. NO 3 . ALTERNATE RECORD FROM TABLE ----------
SELECT
     SUBQUERY. *
FROM
(
SELECT    
   * ,
   ROW_NUMBER() OVER(ORDER BY EMP_ID ) AS ALTERNATE
FROM EMPLOYEE_NEW
) SUBQUERY  
WHERE ALTERNATE % 2 = 0 ;
## OR 
SELECT * 
FROM EMPLOYEE_NEW
WHERE EMP_ID % 2 = 0 
ORDER BY EMP_ID ASC ;

### 						 Q.NO 4. CUSTOMERS WHO ORDER IN BOTH 2023 AND 2024

SELECT * FROM CUSTOMERS_NEW ;
SELECT *
FROM CUSTOMERS_NEW 
WHERE ORDER_DATE BETWEEN 2023 AND 2024 ;

### 						Q.NO .5 . EMPLOYEES WITH SAME SALARY -------------
SELECT * FROM EMPLOYEE_NEW ;
SELECT
     SUBQUERY. *
FROM
(
SELECT *,
      ROW_NUMBER() OVER(PARTITION BY SALARY ORDER BY EMP_ID ) AS SALARY_SAME
FROM 
   EMPLOYEE_NEW 
) SUBQUERY
WHERE SALARY_SAME = 2 ;
## 			OR 
SELECT SUBQUERY. *
FROM
( 
  SELECT *,
      COUNT(*) OVER(PARTITION BY SALARY  ) AS SALARY_COUNT
   FROM
      EMPLOYEE_NEW
) AS SUBQUERY
WHERE SALARY_COUNT > 1 ;

###	 							 Q.NO . 6. LAST RECORDS FROM EACH GROUPS OR DEPARTMENT

SELECT 
	*,
	ROW_NUMBER() OVER(PARTITION BY DEPARTMENT ORDER BY EMP_ID DESC) AS LAST_RECORDS
FROM
   EMPLOYEE_NEW ;

## NOW
SELECT 
    SUBQUERY. *
FROM
(
   SELECT 
        *,
        ROW_NUMBER() OVER(PARTITION BY DEPARTMENT ORDER BY EMP_ID DESC) AS LAST_RECORDS
    FROM
	  EMPLOYEE_NEW
) SUBQUERY
WHERE LAST_RECORDS = 1 ;

### 							 Q.NO. 7. ID'S GAP SEQUENCES
SELECT * FROM EMPLOYEE_NEW ;
DELETE FROM EMPLOYEE_NEW
WHERE EMP_ID = 3 ;

SELECT 
    * ,
    ROW_NUMBER() OVER(ORDER BY EMP_ID ) AS EXPECTED_ID
FROM
   EMPLOYEE_NEW ;
   
## NOW 
SELECT
   SUBQUERY.*
FROM
(
SELECT 
    * ,
    ROW_NUMBER() OVER(ORDER BY EMP_ID ) AS EXPECTED_ID
FROM
   EMPLOYEE_NEW
) SUBQUERY
WHERE EMP_ID != EXPECTED_ID ;

## OR





 
 
 
    
    
    
    